Year,Developers,Enterprise Customers (Total),Subscription Revenue ($),Transaction Revenue ($),Value-Added Services ($),Total Revenue ($),Developer Earnings ($),Total Costs ($),Operating Profit ($),Operating Margin (%)
Year 1,500,62,700000,150000.0,85000.0,935000.0,850000.0,794750.0,140250.0,15.0
Year 2,2000,260,3250000,1080000.0,476300.0,4806300.0,6120000.0,3604725.0,1201575.0,25.0
Year 3,6000,680,9250000,5400000.0,1758000.0000000002,16408000.0,30600000.0,10665200.0,5742800.0,35.0
Year 4,15000,1425,21250000,20250000.0,5395000.0,46895000.0,114750000.0,28137000.0,18758000.0,40.0
Year 5,30000,2600,40250000,54000000.0,13195000.000000002,107445000.0,306000000.0,59094750.00000001,48350249.99999999,44.99999999999999
